<?xml version="1.0" encoding="UTF-8"?>
<project-private xmlns="http://www.netbeans.org/ns/project-private/1">
    <editor-bookmarks xmlns="http://www.netbeans.org/ns/editor-bookmarks/2" lastBookmarkId="0"/>
    <open-files xmlns="http://www.netbeans.org/ns/projectui-open-files/2">
        <group>
            <file>file:/C:/Users/ASUS/Desktop/%C2%A0/SWDESPA_GIT/SWDESPA/SWDESPA%20-%20DC2%20-%20Source%20files/DesignChallenge2temp/src/view/rsrc/Sched.png</file>
            <file>file:/C:/Users/ASUS/Desktop/%C2%A0/SWDESPA_GIT/SWDESPA/SWDESPA%20-%20DC2%20-%20Source%20files/DesignChallenge2temp/src/view/NewItemWindow.java</file>
            <file>file:/C:/Users/ASUS/Desktop/%C2%A0/SWDESPA_GIT/SWDESPA/SWDESPA%20-%20DC2%20-%20Source%20files/DesignChallenge2temp/src/model/ItemsServices.java</file>
            <file>file:/C:/Users/ASUS/Desktop/%C2%A0/SWDESPA_GIT/SWDESPA/SWDESPA%20-%20DC2%20-%20Source%20files/DesignChallenge2temp/src/view/rsrc/DeleteDone.png</file>
            <file>file:/C:/Users/ASUS/Desktop/%C2%A0/SWDESPA_GIT/SWDESPA/SWDESPA%20-%20DC2%20-%20Source%20files/DesignChallenge2temp/src/control/ItemController.java</file>
            <file>file:/C:/Users/ASUS/Desktop/%C2%A0/SWDESPA_GIT/SWDESPA/SWDESPA%20-%20DC2%20-%20Source%20files/DesignChallenge2temp/src/view/rsrc/ArrowLeft.png</file>
            <file>file:/C:/Users/ASUS/Desktop/%C2%A0/SWDESPA_GIT/SWDESPA/SWDESPA%20-%20DC2%20-%20Source%20files/DesignChallenge2temp/src/view/rsrc/Week.png</file>
            <file>file:/C:/Users/ASUS/Desktop/%C2%A0/SWDESPA_GIT/SWDESPA/SWDESPA%20-%20DC2%20-%20Source%20files/DesignChallenge2temp/src/model/Item.java</file>
            <file>file:/C:/Users/ASUS/Desktop/%C2%A0/SWDESPA_GIT/SWDESPA/SWDESPA%20-%20DC2%20-%20Source%20files/DesignChallenge2temp/src/view/ToDoItem.java</file>
            <file>file:/C:/Users/ASUS/Desktop/%C2%A0/SWDESPA_GIT/SWDESPA/SWDESPA%20-%20DC2%20-%20Source%20files/DesignChallenge2temp/src/view/TableRenderer.java</file>
            <file>file:/C:/Users/ASUS/Desktop/%C2%A0/SWDESPA_GIT/SWDESPA/SWDESPA%20-%20DC2%20-%20Source%20files/DesignChallenge2temp/src/view/CalendarProgram.java</file>
            <file>file:/C:/Users/ASUS/Desktop/%C2%A0/SWDESPA_GIT/SWDESPA/SWDESPA%20-%20DC2%20-%20Source%20files/DesignChallenge2temp/src/model/Driver.java</file>
            <file>file:/C:/Users/ASUS/Desktop/%C2%A0/SWDESPA_GIT/SWDESPA/SWDESPA%20-%20DC2%20-%20Source%20files/DesignChallenge2temp/src/control/Main.java</file>
            <file>file:/C:/Users/ASUS/Desktop/%C2%A0/SWDESPA_GIT/SWDESPA/SWDESPA%20-%20DC2%20-%20Source%20files/DesignChallenge2temp/src/view/ToDoPanel.java</file>
            <file>file:/C:/Users/ASUS/Desktop/%C2%A0/SWDESPA_GIT/SWDESPA/SWDESPA%20-%20DC2%20-%20Source%20files/DesignChallenge2temp/src/view/rsrc/ArrowRight.png</file>
            <file>file:/C:/Users/ASUS/Desktop/%C2%A0/SWDESPA_GIT/SWDESPA/SWDESPA%20-%20DC2%20-%20Source%20files/DesignChallenge2temp/src/view/rsrc/Delete.png</file>
            <file>file:/C:/Users/ASUS/Desktop/%C2%A0/SWDESPA_GIT/SWDESPA/SWDESPA%20-%20DC2%20-%20Source%20files/DesignChallenge2temp/src/view/rsrc/Completed.png</file>
        </group>
    </open-files>
</project-private>
