<?xml version="1.0" encoding="UTF-8"?>
<project-private xmlns="http://www.netbeans.org/ns/project-private/1">
    <editor-bookmarks xmlns="http://www.netbeans.org/ns/editor-bookmarks/2" lastBookmarkId="0"/>
    <open-files xmlns="http://www.netbeans.org/ns/projectui-open-files/2">
        <group>
            <file>file:/C:/Users/dlsza/Desktop/gitSWDESPA/SWDESPA/SWDESPA%20-%20DC1%20-%20Source%20files/Source%20Code/DesignChallenge1/src/designchallenge1/ColorDecoder.java</file>
            <file>file:/C:/Users/dlsza/Desktop/gitSWDESPA/SWDESPA/SWDESPA%20-%20DC1%20-%20Source%20files/Source%20Code/DesignChallenge1/src/designchallenge1/CSVParser.java</file>
            <file>file:/C:/Users/dlsza/Desktop/gitSWDESPA/SWDESPA/SWDESPA%20-%20DC1%20-%20Source%20files/Source%20Code/DesignChallenge1/src/designchallenge1/NewEventWindow.java</file>
            <file>file:/C:/Users/dlsza/Desktop/gitSWDESPA/SWDESPA/SWDESPA%20-%20DC1%20-%20Source%20files/Source%20Code/DesignChallenge1/src/values/AppStrings.java</file>
            <file>file:/C:/Users/dlsza/Desktop/gitSWDESPA/SWDESPA/SWDESPA%20-%20DC1%20-%20Source%20files/Source%20Code/DesignChallenge1/src/designchallenge1/CalendarProgram.java</file>
            <file>file:/C:/Users/dlsza/Desktop/gitSWDESPA/SWDESPA/SWDESPA%20-%20DC1%20-%20Source%20files/Source%20Code/DesignChallenge1/src/designchallenge1/Event.java</file>
            <file>file:/C:/Users/dlsza/Desktop/gitSWDESPA/SWDESPA/SWDESPA%20-%20DC1%20-%20Source%20files/Source%20Code/DesignChallenge1/src/designchallenge1/PipeDelimitedParser.java</file>
            <file>file:/C:/Users/dlsza/Desktop/gitSWDESPA/SWDESPA/SWDESPA%20-%20DC1%20-%20Source%20files/Source%20Code/DesignChallenge1/src/designchallenge1/TableRenderer.java</file>
            <file>file:/C:/Users/dlsza/Desktop/gitSWDESPA/SWDESPA/SWDESPA%20-%20DC1%20-%20Source%20files/Source%20Code/DesignChallenge1/src/facebook/FBView.java</file>
            <file>file:/C:/Users/dlsza/Desktop/gitSWDESPA/SWDESPA/SWDESPA%20-%20DC1%20-%20Source%20files/Source%20Code/DesignChallenge1/src/designchallenge1/SMSObserver.java</file>
            <file>file:/C:/Users/dlsza/Desktop/gitSWDESPA/SWDESPA/SWDESPA%20-%20DC1%20-%20Source%20files/Source%20Code/DesignChallenge1/src/designchallenge1/NotificationObserver.java</file>
            <file>file:/C:/Users/dlsza/Desktop/gitSWDESPA/SWDESPA/SWDESPA%20-%20DC1%20-%20Source%20files/Source%20Code/DesignChallenge1/src/designchallenge1/DataParser.java</file>
            <file>file:/C:/Users/dlsza/Desktop/gitSWDESPA/SWDESPA/SWDESPA%20-%20DC1%20-%20Source%20files/Source%20Code/DesignChallenge1/src/designchallenge1/DesignChallenge1.java</file>
            <file>file:/C:/Users/dlsza/Desktop/gitSWDESPA/SWDESPA/SWDESPA%20-%20DC1%20-%20Source%20files/Source%20Code/DesignChallenge1/src/designchallenge1/FBObserver.java</file>
        </group>
    </open-files>
</project-private>
